pheno,marker,genotype
NA,IV:9031007,CB-RIAILs
NA,IV:9031007,CB-RIAILs
NA,IV:9031007,CB-RIAILs
NA,IV:9031007,QX-RIAILs
NA,IV:9031007,QX-RIAILs
NA,IV:9031007,CB-RIAILs
NA,IV:9031007,QX-RIAILs
NA,IV:9031007,CB-RIAILs
NA,IV:9031007,CB-RIAILs
NA,IV:9031007,QX-RIAILs
NA,IV:9031007,CB-RIAILs
NA,IV:9031007,QX-RIAILs
NA,IV:9031007,QX-RIAILs
NA,IV:9031007,QX-RIAILs
NA,IV:9031007,CB-RIAILs
NA,IV:9031007,QX-RIAILs
NA,IV:9031007,CB-RIAILs
NA,IV:9031007,QX-RIAILs
NA,IV:9031007,QX-RIAILs
NA,IV:9031007,QX-RIAILs
NA,IV:9031007,QX-RIAILs
NA,IV:9031007,QX-RIAILs
NA,IV:9031007,CB-RIAILs
NA,IV:9031007,QX-RIAILs
NA,IV:9031007,QX-RIAILs
NA,IV:9031007,QX-RIAILs
NA,IV:9031007,CB-RIAILs
NA,IV:9031007,CB-RIAILs
NA,IV:9031007,QX-RIAILs
NA,IV:9031007,CB-RIAILs
NA,IV:9031007,QX-RIAILs
NA,IV:9031007,QX-RIAILs
NA,IV:9031007,QX-RIAILs
NA,IV:9031007,QX-RIAILs
NA,IV:9031007,CB-RIAILs
NA,IV:9031007,QX-RIAILs
NA,IV:9031007,QX-RIAILs
NA,IV:9031007,QX-RIAILs
NA,IV:9031007,QX-RIAILs
NA,IV:9031007,QX-RIAILs
NA,IV:9031007,QX-RIAILs
NA,IV:9031007,QX-RIAILs
NA,IV:9031007,CB-RIAILs
NA,IV:9031007,CB-RIAILs
NA,IV:9031007,QX-RIAILs
NA,IV:9031007,CB-RIAILs
NA,IV:9031007,QX-RIAILs
NA,IV:9031007,QX-RIAILs
NA,IV:9031007,CB-RIAILs
NA,IV:9031007,QX-RIAILs
NA,IV:9031007,QX-RIAILs
NA,IV:9031007,QX-RIAILs
NA,IV:9031007,CB-RIAILs
NA,IV:9031007,QX-RIAILs
NA,IV:9031007,QX-RIAILs
NA,IV:9031007,QX-RIAILs
NA,IV:9031007,QX-RIAILs
NA,IV:9031007,CB-RIAILs
NA,IV:9031007,CB-RIAILs
NA,IV:9031007,CB-RIAILs
NA,IV:9031007,QX-RIAILs
NA,IV:9031007,CB-RIAILs
NA,IV:9031007,CB-RIAILs
NA,IV:9031007,QX-RIAILs
NA,IV:9031007,QX-RIAILs
NA,IV:9031007,QX-RIAILs
NA,IV:9031007,CB-RIAILs
NA,IV:9031007,QX-RIAILs
NA,IV:9031007,QX-RIAILs
NA,IV:9031007,QX-RIAILs
NA,IV:9031007,QX-RIAILs
NA,IV:9031007,CB-RIAILs
NA,IV:9031007,QX-RIAILs
NA,IV:9031007,QX-RIAILs
NA,IV:9031007,QX-RIAILs
NA,IV:9031007,CB-RIAILs
NA,IV:9031007,QX-RIAILs
NA,IV:9031007,QX-RIAILs
NA,IV:9031007,QX-RIAILs
NA,IV:9031007,CB-RIAILs
NA,IV:9031007,QX-RIAILs
NA,IV:9031007,QX-RIAILs
NA,IV:9031007,QX-RIAILs
NA,IV:9031007,QX-RIAILs
NA,IV:9031007,QX-RIAILs
NA,IV:9031007,QX-RIAILs
NA,IV:9031007,QX-RIAILs
NA,IV:9031007,CB-RIAILs
NA,IV:9031007,QX-RIAILs
NA,IV:9031007,QX-RIAILs
NA,IV:9031007,CB-RIAILs
NA,IV:9031007,QX-RIAILs
NA,IV:9031007,QX-RIAILs
NA,IV:9031007,CB-RIAILs
NA,IV:9031007,CB-RIAILs
NA,IV:9031007,QX-RIAILs
NA,IV:9031007,QX-RIAILs
NA,IV:9031007,QX-RIAILs
NA,IV:9031007,CB-RIAILs
NA,IV:9031007,QX-RIAILs
NA,IV:9031007,CB-RIAILs
NA,IV:9031007,CB-RIAILs
NA,IV:9031007,QX-RIAILs
NA,IV:9031007,QX-RIAILs
NA,IV:9031007,QX-RIAILs
NA,IV:9031007,QX-RIAILs
NA,IV:9031007,CB-RIAILs
NA,IV:9031007,CB-RIAILs
NA,IV:9031007,CB-RIAILs
NA,IV:9031007,QX-RIAILs
NA,IV:9031007,CB-RIAILs
NA,IV:9031007,QX-RIAILs
NA,IV:9031007,QX-RIAILs
NA,IV:9031007,CB-RIAILs
NA,IV:9031007,QX-RIAILs
NA,IV:9031007,QX-RIAILs
NA,IV:9031007,QX-RIAILs
NA,IV:9031007,QX-RIAILs
NA,IV:9031007,QX-RIAILs
NA,IV:9031007,QX-RIAILs
NA,IV:9031007,QX-RIAILs
NA,IV:9031007,QX-RIAILs
NA,IV:9031007,QX-RIAILs
NA,IV:9031007,QX-RIAILs
NA,IV:9031007,QX-RIAILs
NA,IV:9031007,QX-RIAILs
NA,IV:9031007,CB-RIAILs
NA,IV:9031007,QX-RIAILs
NA,IV:9031007,QX-RIAILs
NA,IV:9031007,QX-RIAILs
NA,IV:9031007,QX-RIAILs
NA,IV:9031007,QX-RIAILs
NA,IV:9031007,QX-RIAILs
NA,IV:9031007,CB-RIAILs
NA,IV:9031007,QX-RIAILs
NA,IV:9031007,QX-RIAILs
NA,IV:9031007,CB-RIAILs
NA,IV:9031007,QX-RIAILs
NA,IV:9031007,CB-RIAILs
NA,IV:9031007,QX-RIAILs
NA,IV:9031007,QX-RIAILs
NA,IV:9031007,QX-RIAILs
NA,IV:9031007,QX-RIAILs
NA,IV:9031007,QX-RIAILs
NA,IV:9031007,QX-RIAILs
NA,IV:9031007,QX-RIAILs
NA,IV:9031007,QX-RIAILs
NA,IV:9031007,QX-RIAILs
NA,IV:9031007,QX-RIAILs
NA,IV:9031007,QX-RIAILs
NA,IV:9031007,QX-RIAILs
NA,IV:9031007,CB-RIAILs
NA,IV:9031007,QX-RIAILs
NA,IV:9031007,QX-RIAILs
NA,IV:9031007,QX-RIAILs
NA,IV:9031007,QX-RIAILs
NA,IV:9031007,CB-RIAILs
NA,IV:9031007,QX-RIAILs
NA,IV:9031007,QX-RIAILs
NA,IV:9031007,CB-RIAILs
NA,IV:9031007,QX-RIAILs
NA,IV:9031007,QX-RIAILs
NA,IV:9031007,QX-RIAILs
NA,IV:9031007,QX-RIAILs
NA,IV:9031007,CB-RIAILs
NA,IV:9031007,QX-RIAILs
NA,IV:9031007,QX-RIAILs
NA,IV:9031007,QX-RIAILs
NA,IV:9031007,QX-RIAILs
NA,IV:9031007,QX-RIAILs
NA,IV:9031007,CB-RIAILs
NA,IV:9031007,QX-RIAILs
NA,IV:9031007,CB-RIAILs
NA,IV:9031007,CB-RIAILs
NA,IV:9031007,QX-RIAILs
NA,IV:9031007,CB-RIAILs
NA,IV:9031007,QX-RIAILs
NA,IV:9031007,QX-RIAILs
NA,IV:9031007,QX-RIAILs
NA,IV:9031007,QX-RIAILs
NA,IV:9031007,QX-RIAILs
NA,IV:9031007,CB-RIAILs
NA,IV:9031007,QX-RIAILs
NA,IV:9031007,QX-RIAILs
NA,IV:9031007,QX-RIAILs
NA,IV:9031007,QX-RIAILs
NA,IV:9031007,QX-RIAILs
NA,IV:9031007,CB-RIAILs
NA,IV:9031007,QX-RIAILs
NA,IV:9031007,CB-RIAILs
NA,IV:9031007,QX-RIAILs
NA,IV:9031007,CB-RIAILs
NA,IV:9031007,QX-RIAILs
NA,IV:9031007,CB-RIAILs
NA,IV:9031007,CB-RIAILs
NA,IV:9031007,QX-RIAILs
NA,IV:9031007,QX-RIAILs
NA,IV:9031007,QX-RIAILs
NA,IV:9031007,QX-RIAILs
NA,IV:9031007,QX-RIAILs
NA,IV:9031007,QX-RIAILs
NA,IV:9031007,CB-RIAILs
NA,IV:9031007,QX-RIAILs
NA,IV:9031007,QX-RIAILs
NA,IV:9031007,QX-RIAILs
NA,IV:9031007,QX-RIAILs
NA,IV:9031007,QX-RIAILs
NA,IV:9031007,CB-RIAILs
NA,IV:9031007,QX-RIAILs
NA,IV:9031007,QX-RIAILs
NA,IV:9031007,QX-RIAILs
NA,IV:9031007,QX-RIAILs
NA,IV:9031007,QX-RIAILs
NA,IV:9031007,QX-RIAILs
NA,IV:9031007,QX-RIAILs
NA,IV:9031007,CB-RIAILs
NA,IV:9031007,QX-RIAILs
NA,IV:9031007,QX-RIAILs
NA,IV:9031007,QX-RIAILs
NA,IV:9031007,QX-RIAILs
NA,IV:9031007,CB-RIAILs
NA,IV:9031007,QX-RIAILs
NA,IV:9031007,QX-RIAILs
NA,IV:9031007,QX-RIAILs
NA,IV:9031007,QX-RIAILs
NA,IV:9031007,QX-RIAILs
NA,IV:9031007,QX-RIAILs
NA,IV:9031007,CB-RIAILs
NA,IV:9031007,QX-RIAILs
NA,IV:9031007,CB-RIAILs
NA,IV:9031007,QX-RIAILs
NA,IV:9031007,CB-RIAILs
NA,IV:9031007,QX-RIAILs
NA,IV:9031007,CB-RIAILs
NA,IV:9031007,QX-RIAILs
NA,IV:9031007,CB-RIAILs
NA,IV:9031007,CB-RIAILs
NA,IV:9031007,QX-RIAILs
NA,IV:9031007,QX-RIAILs
NA,IV:9031007,QX-RIAILs
NA,IV:9031007,QX-RIAILs
NA,IV:9031007,CB-RIAILs
NA,IV:9031007,QX-RIAILs
NA,IV:9031007,QX-RIAILs
NA,IV:9031007,QX-RIAILs
NA,IV:9031007,QX-RIAILs
NA,IV:9031007,CB-RIAILs
NA,IV:9031007,QX-RIAILs
NA,IV:9031007,QX-RIAILs
NA,IV:9031007,QX-RIAILs
NA,IV:9031007,CB-RIAILs
NA,IV:9031007,CB-RIAILs
NA,IV:9031007,QX-RIAILs
NA,IV:9031007,QX-RIAILs
NA,IV:9031007,CB-RIAILs
NA,IV:9031007,CB-RIAILs
NA,IV:9031007,CB-RIAILs
NA,IV:9031007,CB-RIAILs
NA,IV:9031007,CB-RIAILs
NA,IV:9031007,QX-RIAILs
NA,IV:9031007,QX-RIAILs
NA,IV:9031007,QX-RIAILs
NA,IV:9031007,CB-RIAILs
NA,IV:9031007,CB-RIAILs
NA,IV:9031007,QX-RIAILs
NA,IV:9031007,QX-RIAILs
NA,IV:9031007,QX-RIAILs
NA,IV:9031007,CB-RIAILs
NA,IV:9031007,QX-RIAILs
NA,IV:9031007,QX-RIAILs
NA,IV:9031007,QX-RIAILs
NA,IV:9031007,QX-RIAILs
NA,IV:9031007,QX-RIAILs
NA,IV:9031007,QX-RIAILs
NA,IV:9031007,QX-RIAILs
NA,IV:9031007,QX-RIAILs
NA,IV:9031007,QX-RIAILs
NA,IV:9031007,CB-RIAILs
NA,IV:9031007,QX-RIAILs
NA,IV:9031007,QX-RIAILs
NA,IV:9031007,QX-RIAILs
NA,IV:9031007,CB-RIAILs
NA,IV:9031007,QX-RIAILs
NA,IV:9031007,QX-RIAILs
NA,IV:9031007,QX-RIAILs
NA,IV:9031007,CB-RIAILs
NA,IV:9031007,QX-RIAILs
NA,IV:9031007,QX-RIAILs
NA,IV:9031007,QX-RIAILs
NA,IV:9031007,CB-RIAILs
NA,IV:9031007,QX-RIAILs
NA,IV:9031007,QX-RIAILs
NA,IV:9031007,QX-RIAILs
NA,IV:9031007,QX-RIAILs
NA,IV:9031007,QX-RIAILs
NA,IV:9031007,QX-RIAILs
NA,IV:9031007,QX-RIAILs
NA,IV:9031007,QX-RIAILs
NA,IV:9031007,QX-RIAILs
NA,IV:9031007,QX-RIAILs
NA,IV:9031007,CB-RIAILs
NA,IV:9031007,CB-RIAILs
NA,IV:9031007,QX-RIAILs
NA,IV:9031007,QX-RIAILs
NA,IV:9031007,QX-RIAILs
NA,IV:9031007,QX-RIAILs
NA,IV:9031007,CB-RIAILs
NA,IV:9031007,CB-RIAILs
NA,IV:9031007,QX-RIAILs
NA,IV:9031007,CB-RIAILs
NA,IV:9031007,QX-RIAILs
NA,IV:9031007,CB-RIAILs
NA,IV:9031007,QX-RIAILs
NA,IV:9031007,CB-RIAILs
NA,IV:9031007,QX-RIAILs
NA,IV:9031007,CB-RIAILs
NA,IV:9031007,CB-RIAILs
NA,IV:9031007,QX-RIAILs
NA,IV:9031007,QX-RIAILs
NA,IV:9031007,QX-RIAILs
NA,IV:9031007,QX-RIAILs
NA,IV:9031007,CB-RIAILs
NA,IV:9031007,QX-RIAILs
NA,IV:9031007,QX-RIAILs
NA,IV:9031007,QX-RIAILs
NA,IV:9031007,CB-RIAILs
NA,IV:9031007,QX-RIAILs
NA,IV:9031007,QX-RIAILs
NA,IV:9031007,QX-RIAILs
NA,IV:9031007,CB-RIAILs
NA,IV:9031007,QX-RIAILs
NA,IV:9031007,QX-RIAILs
NA,IV:9031007,CB-RIAILs
NA,IV:9031007,CB-RIAILs
NA,IV:9031007,QX-RIAILs
NA,IV:9031007,QX-RIAILs
NA,IV:9031007,QX-RIAILs
NA,IV:9031007,QX-RIAILs
NA,IV:9031007,CB-RIAILs
NA,IV:9031007,QX-RIAILs
NA,IV:9031007,CB-RIAILs
NA,IV:9031007,CB-RIAILs
NA,IV:9031007,CB-RIAILs
NA,IV:9031007,CB-RIAILs
NA,IV:9031007,QX-RIAILs
NA,IV:9031007,QX-RIAILs
NA,IV:9031007,QX-RIAILs
NA,IV:9031007,QX-RIAILs
NA,IV:9031007,CB-RIAILs
NA,IV:9031007,QX-RIAILs
NA,IV:9031007,QX-RIAILs
NA,IV:9031007,CB-RIAILs
NA,IV:9031007,QX-RIAILs
NA,IV:9031007,QX-RIAILs
NA,IV:9031007,CB-RIAILs
NA,IV:9031007,CB-RIAILs
NA,IV:9031007,CB-RIAILs
NA,IV:9031007,QX-RIAILs
NA,IV:9031007,QX-RIAILs
NA,IV:9031007,CB-RIAILs
NA,IV:9031007,CB-RIAILs
NA,IV:9031007,QX-RIAILs
NA,IV:9031007,QX-RIAILs
NA,IV:9031007,CB-RIAILs
NA,IV:9031007,QX-RIAILs
NA,IV:9031007,CB-RIAILs
NA,IV:9031007,QX-RIAILs
NA,IV:9031007,CB-RIAILs
NA,IV:9031007,CB-RIAILs
NA,IV:9031007,CB-RIAILs
NA,IV:9031007,QX-RIAILs
NA,IV:9031007,QX-RIAILs
NA,IV:9031007,QX-RIAILs
NA,IV:9031007,CB-RIAILs
NA,IV:9031007,QX-RIAILs
NA,IV:9031007,QX-RIAILs
NA,IV:9031007,QX-RIAILs
NA,IV:9031007,QX-RIAILs
NA,IV:9031007,CB-RIAILs
NA,IV:9031007,CB-RIAILs
NA,IV:9031007,QX-RIAILs
NA,IV:9031007,CB-RIAILs
NA,IV:9031007,QX-RIAILs
NA,IV:9031007,QX-RIAILs
NA,IV:9031007,QX-RIAILs
NA,IV:9031007,QX-RIAILs
NA,IV:9031007,CB-RIAILs
NA,IV:9031007,CB-RIAILs
NA,IV:9031007,CB-RIAILs
NA,IV:9031007,QX-RIAILs
NA,IV:9031007,CB-RIAILs
NA,IV:9031007,QX-RIAILs
NA,IV:9031007,QX-RIAILs
NA,IV:9031007,QX-RIAILs
NA,IV:9031007,QX-RIAILs
NA,IV:9031007,QX-RIAILs
NA,IV:9031007,CB-RIAILs
NA,IV:9031007,QX-RIAILs
NA,IV:9031007,QX-RIAILs
NA,IV:9031007,QX-RIAILs
NA,IV:9031007,QX-RIAILs
NA,IV:9031007,CB-RIAILs
NA,IV:9031007,QX-RIAILs
NA,IV:9031007,QX-RIAILs
NA,IV:9031007,QX-RIAILs
NA,IV:9031007,QX-RIAILs
NA,IV:9031007,QX-RIAILs
NA,IV:9031007,QX-RIAILs
NA,IV:9031007,QX-RIAILs
NA,IV:9031007,QX-RIAILs
NA,IV:9031007,QX-RIAILs
NA,IV:9031007,QX-RIAILs
NA,IV:9031007,QX-RIAILs
NA,IV:9031007,QX-RIAILs
NA,IV:9031007,QX-RIAILs
NA,IV:9031007,QX-RIAILs
NA,IV:9031007,QX-RIAILs
NA,IV:9031007,QX-RIAILs
NA,IV:9031007,QX-RIAILs
NA,IV:9031007,QX-RIAILs
NA,IV:9031007,QX-RIAILs
NA,IV:9031007,QX-RIAILs
NA,IV:9031007,QX-RIAILs
NA,IV:9031007,CB-RIAILs
NA,IV:9031007,CB-RIAILs
NA,IV:9031007,CB-RIAILs
NA,IV:9031007,QX-RIAILs
NA,IV:9031007,QX-RIAILs
NA,IV:9031007,QX-RIAILs
NA,IV:9031007,QX-RIAILs
NA,IV:9031007,CB-RIAILs
NA,IV:9031007,QX-RIAILs
NA,IV:9031007,QX-RIAILs
NA,IV:9031007,QX-RIAILs
NA,IV:9031007,QX-RIAILs
NA,IV:9031007,QX-RIAILs
NA,IV:9031007,QX-RIAILs
NA,IV:9031007,QX-RIAILs
NA,IV:9031007,CB-RIAILs
NA,IV:9031007,CB-RIAILs
NA,IV:9031007,QX-RIAILs
NA,IV:9031007,QX-RIAILs
NA,IV:9031007,CB-RIAILs
NA,IV:9031007,QX-RIAILs
NA,IV:9031007,QX-RIAILs
NA,IV:9031007,QX-RIAILs
NA,IV:9031007,QX-RIAILs
NA,IV:9031007,CB-RIAILs
NA,IV:9031007,CB-RIAILs
NA,IV:9031007,QX-RIAILs
NA,IV:9031007,QX-RIAILs
NA,IV:9031007,CB-RIAILs
NA,IV:9031007,CB-RIAILs
NA,IV:9031007,QX-RIAILs
NA,IV:9031007,QX-RIAILs
NA,IV:9031007,QX-RIAILs
NA,IV:9031007,QX-RIAILs
NA,IV:9031007,QX-RIAILs
NA,IV:9031007,QX-RIAILs
NA,IV:9031007,CB-RIAILs
NA,IV:9031007,CB-RIAILs
NA,IV:9031007,QX-RIAILs
NA,IV:9031007,QX-RIAILs
NA,IV:9031007,QX-RIAILs
NA,IV:9031007,QX-RIAILs
NA,IV:9031007,CB-RIAILs
NA,IV:9031007,QX-RIAILs
NA,IV:9031007,QX-RIAILs
NA,IV:9031007,CB-RIAILs
NA,IV:9031007,QX-RIAILs
NA,IV:9031007,QX-RIAILs
NA,IV:9031007,QX-RIAILs
NA,IV:9031007,QX-RIAILs
NA,IV:9031007,CB-RIAILs
NA,IV:9031007,QX-RIAILs
NA,IV:9031007,QX-RIAILs
NA,IV:9031007,QX-RIAILs
NA,IV:9031007,QX-RIAILs
NA,IV:9031007,QX-RIAILs
NA,IV:9031007,QX-RIAILs
NA,IV:9031007,QX-RIAILs
NA,IV:9031007,QX-RIAILs
NA,IV:9031007,QX-RIAILs
NA,IV:9031007,QX-RIAILs
NA,IV:9031007,QX-RIAILs
NA,IV:9031007,QX-RIAILs
NA,IV:9031007,CB-RIAILs
NA,IV:9031007,QX-RIAILs
NA,IV:9031007,QX-RIAILs
NA,IV:9031007,CB-RIAILs
NA,IV:9031007,QX-RIAILs
NA,IV:9031007,CB-RIAILs
NA,IV:9031007,QX-RIAILs
NA,IV:9031007,QX-RIAILs
NA,IV:9031007,QX-RIAILs
NA,IV:9031007,QX-RIAILs
NA,IV:9031007,CB-RIAILs
NA,IV:9031007,QX-RIAILs
NA,IV:9031007,CB-RIAILs
NA,IV:9031007,CB-RIAILs
NA,IV:9031007,CB-RIAILs
NA,IV:9031007,QX-RIAILs
NA,IV:9031007,QX-RIAILs
NA,IV:9031007,QX-RIAILs
NA,IV:9031007,QX-RIAILs
NA,IV:9031007,CB-RIAILs
NA,IV:9031007,QX-RIAILs
NA,IV:9031007,QX-RIAILs
NA,IV:9031007,QX-RIAILs
NA,IV:9031007,QX-RIAILs
NA,IV:9031007,CB-RIAILs
NA,IV:9031007,QX-RIAILs
NA,IV:9031007,QX-RIAILs
NA,IV:9031007,CB-RIAILs
NA,IV:9031007,QX-RIAILs
NA,IV:9031007,QX-RIAILs
NA,IV:9031007,CB-RIAILs
NA,IV:9031007,QX-RIAILs
NA,IV:9031007,QX-RIAILs
NA,IV:9031007,QX-RIAILs
NA,IV:9031007,QX-RIAILs
NA,IV:9031007,QX-RIAILs
NA,IV:9031007,QX-RIAILs
NA,IV:9031007,CB-RIAILs
NA,IV:9031007,QX-RIAILs
NA,IV:9031007,QX-RIAILs
NA,IV:9031007,QX-RIAILs
NA,IV:9031007,QX-RIAILs
NA,IV:9031007,CB-RIAILs
NA,IV:9031007,QX-RIAILs
NA,IV:9031007,QX-RIAILs
NA,IV:9031007,QX-RIAILs
NA,IV:9031007,QX-RIAILs
NA,IV:9031007,QX-RIAILs
NA,IV:9031007,QX-RIAILs
NA,IV:9031007,QX-RIAILs
NA,IV:9031007,CB-RIAILs
NA,IV:9031007,QX-RIAILs
NA,IV:9031007,QX-RIAILs
NA,IV:9031007,QX-RIAILs
NA,IV:9031007,QX-RIAILs
NA,IV:9031007,CB-RIAILs
NA,IV:9031007,QX-RIAILs
NA,IV:9031007,QX-RIAILs
NA,IV:9031007,QX-RIAILs
NA,IV:9031007,QX-RIAILs
NA,IV:9031007,QX-RIAILs
NA,IV:9031007,QX-RIAILs
NA,IV:9031007,CB-RIAILs
NA,IV:9031007,QX-RIAILs
NA,IV:9031007,QX-RIAILs
NA,IV:9031007,QX-RIAILs
NA,IV:9031007,QX-RIAILs
NA,IV:9031007,CB-RIAILs
NA,IV:9031007,QX-RIAILs
NA,IV:9031007,CB-RIAILs
NA,IV:9031007,CB-RIAILs
NA,IV:9031007,QX-RIAILs
NA,IV:9031007,QX-RIAILs
NA,IV:9031007,QX-RIAILs
NA,IV:9031007,QX-RIAILs
NA,IV:9031007,QX-RIAILs
NA,IV:9031007,QX-RIAILs
NA,IV:9031007,QX-RIAILs
NA,IV:9031007,CB-RIAILs
NA,IV:9031007,CB-RIAILs
NA,IV:9031007,QX-RIAILs
NA,IV:9031007,QX-RIAILs
NA,IV:9031007,QX-RIAILs
NA,IV:9031007,QX-RIAILs
NA,IV:9031007,QX-RIAILs
NA,IV:9031007,QX-RIAILs
NA,IV:9031007,CB-RIAILs
NA,IV:9031007,CB-RIAILs
NA,IV:9031007,QX-RIAILs
NA,IV:9031007,CB-RIAILs
NA,IV:9031007,CB-RIAILs
NA,IV:9031007,QX-RIAILs
NA,IV:9031007,QX-RIAILs
NA,IV:9031007,CB-RIAILs
NA,IV:9031007,QX-RIAILs
NA,IV:9031007,QX-RIAILs
NA,IV:9031007,CB-RIAILs
NA,IV:9031007,CB-RIAILs
NA,IV:9031007,QX-RIAILs
NA,IV:9031007,QX-RIAILs
NA,IV:9031007,CB-RIAILs
NA,IV:9031007,QX-RIAILs
NA,IV:9031007,CB-RIAILs
NA,IV:9031007,CB-RIAILs
NA,IV:9031007,QX-RIAILs
NA,IV:9031007,QX-RIAILs
NA,IV:9031007,CB-RIAILs
NA,IV:9031007,CB-RIAILs
NA,IV:9031007,QX-RIAILs
NA,IV:9031007,QX-RIAILs
NA,IV:9031007,QX-RIAILs
NA,IV:9031007,QX-RIAILs
NA,IV:9031007,CB-RIAILs
NA,IV:9031007,QX-RIAILs
NA,IV:9031007,QX-RIAILs
NA,IV:9031007,QX-RIAILs
NA,IV:9031007,CB-RIAILs
NA,IV:9031007,QX-RIAILs
NA,IV:9031007,QX-RIAILs
NA,IV:9031007,QX-RIAILs
NA,IV:9031007,CB-RIAILs
NA,IV:9031007,CB-RIAILs
NA,IV:9031007,QX-RIAILs
NA,IV:9031007,QX-RIAILs
NA,IV:9031007,QX-RIAILs
NA,IV:9031007,CB-RIAILs
NA,IV:9031007,CB-RIAILs
NA,IV:9031007,QX-RIAILs
NA,IV:9031007,QX-RIAILs
NA,IV:9031007,QX-RIAILs
NA,IV:9031007,QX-RIAILs
NA,IV:9031007,QX-RIAILs
NA,IV:9031007,QX-RIAILs
NA,IV:9031007,QX-RIAILs
NA,IV:9031007,QX-RIAILs
NA,IV:9031007,QX-RIAILs
NA,IV:9031007,CB-RIAILs
NA,IV:9031007,CB-RIAILs
NA,IV:9031007,CB-RIAILs
NA,IV:9031007,CB-RIAILs
NA,IV:9031007,CB-RIAILs
NA,IV:9031007,QX-RIAILs
NA,IV:9031007,QX-RIAILs
NA,IV:9031007,CB-RIAILs
NA,IV:9031007,QX-RIAILs
NA,IV:9031007,CB-RIAILs
NA,IV:9031007,CB-RIAILs
NA,IV:9031007,QX-RIAILs
NA,IV:9031007,CB-RIAILs
NA,IV:9031007,QX-RIAILs
NA,IV:9031007,QX-RIAILs
NA,IV:9031007,QX-RIAILs
NA,IV:9031007,CB-RIAILs
NA,IV:9031007,QX-RIAILs
NA,IV:9031007,CB-RIAILs
NA,IV:9031007,QX-RIAILs
NA,IV:9031007,CB-RIAILs
NA,IV:9031007,QX-RIAILs
NA,IV:9031007,QX-RIAILs
NA,IV:9031007,QX-RIAILs
NA,IV:9031007,QX-RIAILs
NA,IV:9031007,QX-RIAILs
NA,IV:9031007,CB-RIAILs
NA,IV:9031007,CB-RIAILs
NA,IV:9031007,CB-RIAILs
NA,IV:9031007,CB-RIAILs
NA,IV:9031007,CB-RIAILs
NA,IV:9031007,CB-RIAILs
NA,IV:9031007,CB-RIAILs
NA,IV:9031007,QX-RIAILs
NA,IV:9031007,CB-RIAILs
NA,IV:9031007,QX-RIAILs
NA,IV:9031007,CB-RIAILs
NA,IV:9031007,QX-RIAILs
NA,IV:9031007,QX-RIAILs
NA,IV:9031007,QX-RIAILs
NA,IV:9031007,CB-RIAILs
NA,IV:9031007,QX-RIAILs
NA,IV:9031007,QX-RIAILs
NA,IV:9031007,QX-RIAILs
NA,IV:9031007,QX-RIAILs
NA,IV:9031007,QX-RIAILs
NA,IV:9031007,QX-RIAILs
NA,IV:9031007,CB-RIAILs
NA,IV:9031007,QX-RIAILs
NA,IV:9031007,QX-RIAILs
NA,IV:9031007,QX-RIAILs
NA,IV:9031007,QX-RIAILs
NA,IV:9031007,CB-RIAILs
NA,IV:9031007,QX-RIAILs
NA,IV:9031007,CB-RIAILs
NA,IV:9031007,CB-RIAILs
NA,IV:9031007,CB-RIAILs
NA,IV:9031007,CB-RIAILs
NA,IV:9031007,CB-RIAILs
NA,IV:9031007,QX-RIAILs
NA,IV:9031007,QX-RIAILs
NA,IV:9031007,CB-RIAILs
NA,IV:9031007,QX-RIAILs
NA,IV:9031007,QX-RIAILs
NA,IV:9031007,CB-RIAILs
NA,IV:9031007,QX-RIAILs
NA,IV:9031007,CB-RIAILs
NA,IV:9031007,CB-RIAILs
NA,IV:9031007,QX-RIAILs
NA,IV:9031007,QX-RIAILs
NA,IV:9031007,QX-RIAILs
NA,IV:9031007,QX-RIAILs
NA,IV:9031007,QX-RIAILs
NA,IV:9031007,CB-RIAILs
NA,IV:9031007,CB-RIAILs
NA,IV:9031007,CB-RIAILs
NA,IV:9031007,QX-RIAILs
NA,IV:9031007,CB-RIAILs
NA,IV:9031007,QX-RIAILs
NA,IV:9031007,QX-RIAILs
NA,IV:9031007,QX-RIAILs
NA,IV:9031007,QX-RIAILs
NA,IV:9031007,CB-RIAILs
NA,IV:9031007,CB-RIAILs
NA,IV:9031007,QX-RIAILs
NA,IV:9031007,QX-RIAILs
NA,IV:9031007,CB-RIAILs
NA,IV:9031007,CB-RIAILs
NA,IV:9031007,CB-RIAILs
NA,IV:9031007,QX-RIAILs
NA,IV:9031007,QX-RIAILs
NA,IV:9031007,QX-RIAILs
NA,IV:9031007,QX-RIAILs
NA,IV:9031007,CB-RIAILs
NA,IV:9031007,CB-RIAILs
NA,IV:9031007,CB-RIAILs
NA,IV:9031007,CB-RIAILs
NA,IV:9031007,QX-RIAILs
NA,IV:9031007,QX-RIAILs
NA,IV:9031007,QX-RIAILs
NA,IV:9031007,CB-RIAILs
5.11594202898551,IV:9031007,QX-RIAILs
-0.199999999999996,IV:9031007,QX-RIAILs
17.8111111111111,IV:9031007,CB-RIAILs
5.23913043478261,IV:9031007,CB-RIAILs
NA,IV:9031007,CB-RIAILs
NA,IV:9031007,QX-RIAILs
-17.5333333333333,IV:9031007,QX-RIAILs
NA,IV:9031007,QX-RIAILs
NA,IV:9031007,CB-RIAILs
NA,IV:9031007,CB-RIAILs
17.7826086956522,IV:9031007,CB-RIAILs
15.1444444444444,IV:9031007,CB-RIAILs
7.74074074074075,IV:9031007,CB-RIAILs
NA,IV:9031007,QX-RIAILs
NA,IV:9031007,QX-RIAILs
-5.21739130434782,IV:9031007,CB-RIAILs
NA,IV:9031007,QX-RIAILs
NA,IV:9031007,QX-RIAILs
-49.9236111111111,IV:9031007,CB-RIAILs
NA,IV:9031007,CB-RIAILs
37.4097222222222,IV:9031007,QX-RIAILs
0.470085470085465,IV:9031007,QX-RIAILs
6.80341880341878,IV:9031007,QX-RIAILs
-30.8666666666667,IV:9031007,QX-RIAILs
84.1159420289855,IV:9031007,CB-RIAILs
NA,IV:9031007,CB-RIAILs
47.0763888888889,IV:9031007,CB-RIAILs
-27.5333333333333,IV:9031007,QX-RIAILs
66.1367521367521,IV:9031007,QX-RIAILs
-59.8632478632479,IV:9031007,CB-RIAILs
20.7430555555556,IV:9031007,QX-RIAILs
19.7430555555556,IV:9031007,QX-RIAILs
NA,IV:9031007,CB-RIAILs
30.4397163120567,IV:9031007,QX-RIAILs
16.8,IV:9031007,QX-RIAILs
122.466666666667,IV:9031007,QX-RIAILs
-30.8555555555556,IV:9031007,CB-RIAILs
15.7730496453901,IV:9031007,QX-RIAILs
-35.5507246376812,IV:9031007,QX-RIAILs
-41.5902777777778,IV:9031007,CB-RIAILs
23.1159420289855,IV:9031007,QX-RIAILs
-4.86666666666668,IV:9031007,CB-RIAILs
NA,IV:9031007,CB-RIAILs
6.43971631205674,IV:9031007,QX-RIAILs
NA,IV:9031007,CB-RIAILs
5.71851851851851,IV:9031007,CB-RIAILs
-17.2592592592593,IV:9031007,CB-RIAILs
62.0518518518518,IV:9031007,CB-RIAILs
27.4097222222222,IV:9031007,CB-RIAILs
-29.2569444444444,IV:9031007,CB-RIAILs
7.40740740740741,IV:9031007,QX-RIAILs
-12.5333333333333,IV:9031007,QX-RIAILs
-1.52222222222222,IV:9031007,CB-RIAILs
20.4666666666667,IV:9031007,CB-RIAILs
7.44927536231885,IV:9031007,CB-RIAILs
NA,IV:9031007,CB-RIAILs
-36.196581196581,IV:9031007,CB-RIAILs
NA,IV:9031007,CB-RIAILs
41.9347826086956,IV:9031007,QX-RIAILs
21.572463768116,IV:9031007,QX-RIAILs
-7.94814814814814,IV:9031007,CB-RIAILs
6.74305555555556,IV:9031007,CB-RIAILs
12.7730496453901,IV:9031007,CB-RIAILs
2.13333333333332,IV:9031007,CB-RIAILs
-63.6148148148148,IV:9031007,CB-RIAILs
3.26811594202899,IV:9031007,CB-RIAILs
NA,IV:9031007,CB-RIAILs
112.470085470085,IV:9031007,QX-RIAILs
-14.731884057971,IV:9031007,QX-RIAILs
-14.8555555555556,IV:9031007,CB-RIAILs
-36.0652173913043,IV:9031007,CB-RIAILs
34.4777777777778,IV:9031007,CB-RIAILs
-14.0942028985507,IV:9031007,QX-RIAILs
-36.0942028985507,IV:9031007,CB-RIAILs
43.0740740740741,IV:9031007,QX-RIAILs
-32.2173913043478,IV:9031007,QX-RIAILs
-3.92592592592594,IV:9031007,CB-RIAILs
30.8,IV:9031007,QX-RIAILs
23.4397163120567,IV:9031007,CB-RIAILs
19.7185185185185,IV:9031007,QX-RIAILs
NA,IV:9031007,CB-RIAILs
-2.42753623188405,IV:9031007,CB-RIAILs
-19.0942028985507,IV:9031007,QX-RIAILs
-6.22695035460993,IV:9031007,CB-RIAILs
-56.7608695652174,IV:9031007,CB-RIAILs
-15.0942028985507,IV:9031007,CB-RIAILs
15.268115942029,IV:9031007,QX-RIAILs
NA,IV:9031007,CB-RIAILs
0.811111111111119,IV:9031007,CB-RIAILs
NA,IV:9031007,CB-RIAILs
-16.2173913043478,IV:9031007,CB-RIAILs
-44.9236111111111,IV:9031007,QX-RIAILs
-0.0942028985507353,IV:9031007,QX-RIAILs
16.4074074074074,IV:9031007,QX-RIAILs
47.268115942029,IV:9031007,QX-RIAILs
NA,IV:9031007,CB-RIAILs
-37.731884057971,IV:9031007,CB-RIAILs
18.0518518518519,IV:9031007,CB-RIAILs
NA,IV:9031007,QX-RIAILs
-21.8555555555556,IV:9031007,CB-RIAILs
-1.56028368794326,IV:9031007,QX-RIAILs
-29.2173913043478,IV:9031007,QX-RIAILs
35.572463768116,IV:9031007,QX-RIAILs
15.4492753623188,IV:9031007,CB-RIAILs
-12.5602836879433,IV:9031007,QX-RIAILs
NA,IV:9031007,QX-RIAILs
12.4074074074074,IV:9031007,CB-RIAILs
28.7826086956522,IV:9031007,CB-RIAILs
13.2391304347826,IV:9031007,CB-RIAILs
-15.6148148148148,IV:9031007,QX-RIAILs
-14.2569444444445,IV:9031007,CB-RIAILs
-22.9236111111111,IV:9031007,CB-RIAILs
-15.2814814814815,IV:9031007,QX-RIAILs
44.7430555555556,IV:9031007,QX-RIAILs
-36.2,IV:9031007,CB-RIAILs
50.8,IV:9031007,QX-RIAILs
-31.2569444444444,IV:9031007,CB-RIAILs
-8.25925925925926,IV:9031007,CB-RIAILs
-32.2,IV:9031007,CB-RIAILs
NA,IV:9031007,CB-RIAILs
78.8111111111111,IV:9031007,QX-RIAILs
-60.5925925925926,IV:9031007,CB-RIAILs
50.572463768116,IV:9031007,CB-RIAILs
13.0518518518519,IV:9031007,CB-RIAILs
41.7185185185185,IV:9031007,CB-RIAILs
-8.22695035460993,IV:9031007,CB-RIAILs
NA,IV:9031007,CB-RIAILs
NA,IV:9031007,CB-RIAILs
6.40740740740741,IV:9031007,CB-RIAILs
-3.85555555555555,IV:9031007,CB-RIAILs
NA,IV:9031007,CB-RIAILs
31.4074074074074,IV:9031007,CB-RIAILs
-10.8666666666667,IV:9031007,CB-RIAILs
-0.522222222222224,IV:9031007,QX-RIAILs
10.4777777777778,IV:9031007,QX-RIAILs
-1.25694444444444,IV:9031007,CB-RIAILs
-12.2592592592593,IV:9031007,QX-RIAILs
-35.5902777777778,IV:9031007,CB-RIAILs
-7.06521739130434,IV:9031007,QX-RIAILs
-33.8840579710145,IV:9031007,QX-RIAILs
30.4777777777778,IV:9031007,QX-RIAILs
3.60144927536233,IV:9031007,QX-RIAILs
NA,IV:9031007,QX-RIAILs
38.9057971014493,IV:9031007,QX-RIAILs
32.2391304347826,IV:9031007,QX-RIAILs
19.1333333333333,IV:9031007,CB-RIAILs
59.8034188034188,IV:9031007,QX-RIAILs
-4.59259259259259,IV:9031007,QX-RIAILs
-13.2269503546099,IV:9031007,CB-RIAILs
10.1367521367524,IV:9031007,QX-RIAILs
13.4097222222222,IV:9031007,CB-RIAILs
-25.5925925925926,IV:9031007,QX-RIAILs
NA,IV:9031007,QX-RIAILs
NA,IV:9031007,QX-RIAILs
NA,IV:9031007,CB-RIAILs
6.74074074074075,IV:9031007,CB-RIAILs
35.0518518518518,IV:9031007,QX-RIAILs
NA,IV:9031007,CB-RIAILs
-17.9259259259259,IV:9031007,CB-RIAILs
-7.94814814814814,IV:9031007,QX-RIAILs
NA,IV:9031007,CB-RIAILs
-29.5507246376812,IV:9031007,CB-RIAILs
-21.9236111111111,IV:9031007,QX-RIAILs
44.572463768116,IV:9031007,QX-RIAILs
NA,IV:9031007,QX-RIAILs
20.8,IV:9031007,CB-RIAILs
0.773049645390071,IV:9031007,QX-RIAILs
NA,IV:9031007,CB-RIAILs
44.4492753623189,IV:9031007,QX-RIAILs
24.1367521367521,IV:9031007,CB-RIAILs
-30.2569444444444,IV:9031007,CB-RIAILs
43.7430555555556,IV:9031007,CB-RIAILs
44.6014492753623,IV:9031007,QX-RIAILs
-17.7608695652174,IV:9031007,QX-RIAILs
-2.09420289855074,IV:9031007,CB-RIAILs
22.8034188034188,IV:9031007,CB-RIAILs
1.11594202898551,IV:9031007,CB-RIAILs
-0.59027777777778,IV:9031007,CB-RIAILs
-8.22695035460993,IV:9031007,CB-RIAILs
-15.2592592592593,IV:9031007,CB-RIAILs
61.8034188034187,IV:9031007,QX-RIAILs
-8.55072463768117,IV:9031007,CB-RIAILs
0.407407407407407,IV:9031007,CB-RIAILs
24.7407407407407,IV:9031007,QX-RIAILs
0.466666666666661,IV:9031007,CB-RIAILs
84.4700854700855,IV:9031007,QX-RIAILs
14.1063829787234,IV:9031007,CB-RIAILs
26.7730496453901,IV:9031007,CB-RIAILs
-18.0652173913043,IV:9031007,CB-RIAILs
1.44927536231883,IV:9031007,CB-RIAILs
8.07638888888888,IV:9031007,CB-RIAILs
-11.5507246376812,IV:9031007,CB-RIAILs
-4.2,IV:9031007,QX-RIAILs
-27.5507246376812,IV:9031007,QX-RIAILs
-46.2,IV:9031007,CB-RIAILs
NA,IV:9031007,CB-RIAILs
51.8034188034188,IV:9031007,CB-RIAILs
16.7185185185185,IV:9031007,QX-RIAILs
47.6014492753623,IV:9031007,QX-RIAILs
29.7407407407407,IV:9031007,CB-RIAILs
-8.1888888888889,IV:9031007,CB-RIAILs
NA,IV:9031007,CB-RIAILs
-13.427536231884,IV:9031007,CB-RIAILs
-35.5602836879433,IV:9031007,CB-RIAILs
56.268115942029,IV:9031007,QX-RIAILs
-10.427536231884,IV:9031007,CB-RIAILs
-28.0652173913043,IV:9031007,QX-RIAILs
17.4097222222222,IV:9031007,QX-RIAILs
132.074074074074,IV:9031007,QX-RIAILs
37.0518518518518,IV:9031007,QX-RIAILs
-43.9481481481481,IV:9031007,CB-RIAILs
-14.8555555555556,IV:9031007,CB-RIAILs
-12.2269503546099,IV:9031007,CB-RIAILs
50.4700854700855,IV:9031007,QX-RIAILs
-14.8632478632479,IV:9031007,CB-RIAILs
35.803418803419,IV:9031007,CB-RIAILs
3.26811594202899,IV:9031007,CB-RIAILs
29.4666666666667,IV:9031007,CB-RIAILs
NA,IV:9031007,CB-RIAILs
32.1063829787234,IV:9031007,CB-RIAILs
27.1063829787234,IV:9031007,CB-RIAILs
NA,IV:9031007,CB-RIAILs
-1.55072463768117,IV:9031007,CB-RIAILs
26.9347826086956,IV:9031007,QX-RIAILs
-20.9236111111111,IV:9031007,CB-RIAILs
-24.5602836879433,IV:9031007,CB-RIAILs
24.4492753623189,IV:9031007,QX-RIAILs
NA,IV:9031007,CB-RIAILs
-41.6148148148148,IV:9031007,CB-RIAILs
7.47008547008546,IV:9031007,QX-RIAILs
17.9347826086956,IV:9031007,QX-RIAILs
-8.85555555555555,IV:9031007,CB-RIAILs
-5.61481481481481,IV:9031007,CB-RIAILs
-9.92592592592592,IV:9031007,CB-RIAILs
NA,IV:9031007,QX-RIAILs
28.2391304347826,IV:9031007,CB-RIAILs
NA,IV:9031007,CB-RIAILs
NA,IV:9031007,QX-RIAILs
-17.0652173913043,IV:9031007,CB-RIAILs
NA,IV:9031007,CB-RIAILs
7.14444444444443,IV:9031007,QX-RIAILs
NA,IV:9031007,CB-RIAILs
-29.731884057971,IV:9031007,CB-RIAILs
2.78260869565218,IV:9031007,CB-RIAILs
26.8111111111111,IV:9031007,CB-RIAILs
-18.8666666666667,IV:9031007,CB-RIAILs
-4.88405797101449,IV:9031007,CB-RIAILs
NA,IV:9031007,CB-RIAILs
NA,IV:9031007,CB-RIAILs
NA,IV:9031007,QX-RIAILs
8.26811594202899,IV:9031007,QX-RIAILs
8.23913043478261,IV:9031007,QX-RIAILs
NA,IV:9031007,CB-RIAILs
8.1063829787234,IV:9031007,QX-RIAILs
-23.2173913043478,IV:9031007,CB-RIAILs
-17.2,IV:9031007,QX-RIAILs
7.13675213675212,IV:9031007,QX-RIAILs
5.8,IV:9031007,CB-RIAILs
-8.06521739130434,IV:9031007,QX-RIAILs
5.07638888888888,IV:9031007,CB-RIAILs
-99.1965811965812,IV:9031007,CB-RIAILs
29.9347826086956,IV:9031007,CB-RIAILs
NA,IV:9031007,CB-RIAILs
36.4492753623189,IV:9031007,QX-RIAILs
NA,IV:9031007,CB-RIAILs
NA,IV:9031007,CB-RIAILs
NA,IV:9031007,CB-RIAILs
NA,IV:9031007,CB-RIAILs
37.7407407407407,IV:9031007,QX-RIAILs
-73.5602836879433,IV:9031007,CB-RIAILs
6.74074074074075,IV:9031007,QX-RIAILs
NA,IV:9031007,QX-RIAILs
10.4492753623188,IV:9031007,QX-RIAILs
NA,IV:9031007,CB-RIAILs
-35.2269503546099,IV:9031007,QX-RIAILs
NA,IV:9031007,CB-RIAILs
NA,IV:9031007,QX-RIAILs
19.0518518518519,IV:9031007,CB-RIAILs
-153.529914529915,IV:9031007,QX-RIAILs
28.1159420289855,IV:9031007,QX-RIAILs
NA,IV:9031007,QX-RIAILs
-19.2814814814815,IV:9031007,CB-RIAILs
-11.731884057971,IV:9031007,CB-RIAILs
-27.2173913043478,IV:9031007,CB-RIAILs
-23.8936170212766,IV:9031007,QX-RIAILs
8.90579710144926,IV:9031007,CB-RIAILs
NA,IV:9031007,CB-RIAILs
50.4666666666667,IV:9031007,QX-RIAILs
6.47777777777778,IV:9031007,QX-RIAILs
3.74305555555556,IV:9031007,CB-RIAILs
-14.2814814814815,IV:9031007,CB-RIAILs
10.4492753623188,IV:9031007,CB-RIAILs
13.572463768116,IV:9031007,QX-RIAILs
NA,IV:9031007,CB-RIAILs
NA,IV:9031007,QX-RIAILs
NA,IV:9031007,QX-RIAILs
NA,IV:9031007,CB-RIAILs
20.0518518518519,IV:9031007,CB-RIAILs
NA,IV:9031007,CB-RIAILs
24.7826086956522,IV:9031007,CB-RIAILs
-10.5925925925926,IV:9031007,CB-RIAILs
NA,IV:9031007,QX-RIAILs
NA,IV:9031007,QX-RIAILs
NA,IV:9031007,CB-RIAILs
NA,IV:9031007,CB-RIAILs
19.4700854700855,IV:9031007,CB-RIAILs
-8.1888888888889,IV:9031007,CB-RIAILs
NA,IV:9031007,CB-RIAILs
NA,IV:9031007,QX-RIAILs
21.4666666666667,IV:9031007,QX-RIAILs
6.43971631205674,IV:9031007,CB-RIAILs
18.7430555555556,IV:9031007,QX-RIAILs
NA,IV:9031007,CB-RIAILs
-14.8840579710145,IV:9031007,CB-RIAILs
25.8034188034189,IV:9031007,QX-RIAILs
NA,IV:9031007,CB-RIAILs
NA,IV:9031007,CB-RIAILs
NA,IV:9031007,CB-RIAILs
NA,IV:9031007,CB-RIAILs
-38.0942028985507,IV:9031007,QX-RIAILs
-29.9259259259259,IV:9031007,CB-RIAILs
36.4666666666667,IV:9031007,CB-RIAILs
NA,V:11883496,CB-RIAILs
NA,V:11883496,CB-RIAILs
NA,V:11883496,CB-RIAILs
NA,V:11883496,CB-RIAILs
NA,V:11883496,CB-RIAILs
NA,V:11883496,CB-RIAILs
NA,V:11883496,CB-RIAILs
NA,V:11883496,QX-RIAILs
NA,V:11883496,CB-RIAILs
NA,V:11883496,QX-RIAILs
NA,V:11883496,CB-RIAILs
NA,V:11883496,QX-RIAILs
NA,V:11883496,CB-RIAILs
NA,V:11883496,QX-RIAILs
NA,V:11883496,QX-RIAILs
NA,V:11883496,QX-RIAILs
NA,V:11883496,QX-RIAILs
NA,V:11883496,QX-RIAILs
NA,V:11883496,QX-RIAILs
NA,V:11883496,QX-RIAILs
NA,V:11883496,QX-RIAILs
NA,V:11883496,QX-RIAILs
NA,V:11883496,CB-RIAILs
NA,V:11883496,QX-RIAILs
NA,V:11883496,QX-RIAILs
NA,V:11883496,QX-RIAILs
NA,V:11883496,QX-RIAILs
NA,V:11883496,CB-RIAILs
NA,V:11883496,QX-RIAILs
NA,V:11883496,CB-RIAILs
NA,V:11883496,CB-RIAILs
NA,V:11883496,QX-RIAILs
NA,V:11883496,CB-RIAILs
NA,V:11883496,QX-RIAILs
NA,V:11883496,CB-RIAILs
NA,V:11883496,CB-RIAILs
NA,V:11883496,CB-RIAILs
NA,V:11883496,CB-RIAILs
NA,V:11883496,CB-RIAILs
NA,V:11883496,QX-RIAILs
NA,V:11883496,QX-RIAILs
NA,V:11883496,QX-RIAILs
NA,V:11883496,QX-RIAILs
NA,V:11883496,CB-RIAILs
NA,V:11883496,QX-RIAILs
NA,V:11883496,CB-RIAILs
NA,V:11883496,CB-RIAILs
NA,V:11883496,CB-RIAILs
NA,V:11883496,QX-RIAILs
NA,V:11883496,QX-RIAILs
NA,V:11883496,QX-RIAILs
NA,V:11883496,QX-RIAILs
NA,V:11883496,CB-RIAILs
NA,V:11883496,CB-RIAILs
NA,V:11883496,CB-RIAILs
NA,V:11883496,QX-RIAILs
NA,V:11883496,QX-RIAILs
NA,V:11883496,QX-RIAILs
NA,V:11883496,QX-RIAILs
NA,V:11883496,CB-RIAILs
NA,V:11883496,CB-RIAILs
NA,V:11883496,CB-RIAILs
NA,V:11883496,QX-RIAILs
NA,V:11883496,CB-RIAILs
NA,V:11883496,CB-RIAILs
NA,V:11883496,CB-RIAILs
NA,V:11883496,CB-RIAILs
NA,V:11883496,CB-RIAILs
NA,V:11883496,QX-RIAILs
NA,V:11883496,CB-RIAILs
NA,V:11883496,QX-RIAILs
NA,V:11883496,CB-RIAILs
NA,V:11883496,QX-RIAILs
NA,V:11883496,QX-RIAILs
NA,V:11883496,CB-RIAILs
NA,V:11883496,QX-RIAILs
NA,V:11883496,QX-RIAILs
NA,V:11883496,CB-RIAILs
NA,V:11883496,QX-RIAILs
NA,V:11883496,QX-RIAILs
NA,V:11883496,QX-RIAILs
NA,V:11883496,CB-RIAILs
NA,V:11883496,QX-RIAILs
NA,V:11883496,CB-RIAILs
NA,V:11883496,CB-RIAILs
NA,V:11883496,CB-RIAILs
NA,V:11883496,QX-RIAILs
NA,V:11883496,CB-RIAILs
NA,V:11883496,CB-RIAILs
NA,V:11883496,QX-RIAILs
NA,V:11883496,CB-RIAILs
NA,V:11883496,QX-RIAILs
NA,V:11883496,QX-RIAILs
NA,V:11883496,CB-RIAILs
NA,V:11883496,CB-RIAILs
NA,V:11883496,CB-RIAILs
NA,V:11883496,QX-RIAILs
NA,V:11883496,QX-RIAILs
NA,V:11883496,QX-RIAILs
NA,V:11883496,QX-RIAILs
NA,V:11883496,CB-RIAILs
NA,V:11883496,CB-RIAILs
NA,V:11883496,CB-RIAILs
NA,V:11883496,QX-RIAILs
NA,V:11883496,QX-RIAILs
NA,V:11883496,QX-RIAILs
NA,V:11883496,CB-RIAILs
NA,V:11883496,CB-RIAILs
NA,V:11883496,QX-RIAILs
NA,V:11883496,CB-RIAILs
NA,V:11883496,CB-RIAILs
NA,V:11883496,QX-RIAILs
NA,V:11883496,CB-RIAILs
NA,V:11883496,CB-RIAILs
NA,V:11883496,QX-RIAILs
NA,V:11883496,QX-RIAILs
NA,V:11883496,CB-RIAILs
NA,V:11883496,CB-RIAILs
NA,V:11883496,QX-RIAILs
NA,V:11883496,CB-RIAILs
NA,V:11883496,CB-RIAILs
NA,V:11883496,QX-RIAILs
NA,V:11883496,CB-RIAILs
NA,V:11883496,CB-RIAILs
NA,V:11883496,QX-RIAILs
NA,V:11883496,QX-RIAILs
NA,V:11883496,CB-RIAILs
NA,V:11883496,CB-RIAILs
NA,V:11883496,CB-RIAILs
NA,V:11883496,QX-RIAILs
NA,V:11883496,CB-RIAILs
NA,V:11883496,QX-RIAILs
NA,V:11883496,QX-RIAILs
NA,V:11883496,CB-RIAILs
NA,V:11883496,QX-RIAILs
NA,V:11883496,CB-RIAILs
NA,V:11883496,CB-RIAILs
NA,V:11883496,QX-RIAILs
NA,V:11883496,QX-RIAILs
NA,V:11883496,CB-RIAILs
NA,V:11883496,QX-RIAILs
NA,V:11883496,QX-RIAILs
NA,V:11883496,QX-RIAILs
NA,V:11883496,QX-RIAILs
NA,V:11883496,QX-RIAILs
NA,V:11883496,QX-RIAILs
NA,V:11883496,QX-RIAILs
NA,V:11883496,QX-RIAILs
NA,V:11883496,CB-RIAILs
NA,V:11883496,QX-RIAILs
NA,V:11883496,CB-RIAILs
NA,V:11883496,CB-RIAILs
NA,V:11883496,CB-RIAILs
NA,V:11883496,CB-RIAILs
NA,V:11883496,CB-RIAILs
NA,V:11883496,QX-RIAILs
NA,V:11883496,CB-RIAILs
NA,V:11883496,QX-RIAILs
NA,V:11883496,QX-RIAILs
NA,V:11883496,CB-RIAILs
NA,V:11883496,CB-RIAILs
NA,V:11883496,CB-RIAILs
NA,V:11883496,CB-RIAILs
NA,V:11883496,QX-RIAILs
NA,V:11883496,CB-RIAILs
NA,V:11883496,QX-RIAILs
NA,V:11883496,CB-RIAILs
NA,V:11883496,CB-RIAILs
NA,V:11883496,CB-RIAILs
NA,V:11883496,QX-RIAILs
NA,V:11883496,CB-RIAILs
NA,V:11883496,CB-RIAILs
NA,V:11883496,CB-RIAILs
NA,V:11883496,CB-RIAILs
NA,V:11883496,CB-RIAILs
NA,V:11883496,CB-RIAILs
NA,V:11883496,CB-RIAILs
NA,V:11883496,QX-RIAILs
NA,V:11883496,CB-RIAILs
NA,V:11883496,CB-RIAILs
NA,V:11883496,CB-RIAILs
NA,V:11883496,CB-RIAILs
NA,V:11883496,CB-RIAILs
NA,V:11883496,CB-RIAILs
NA,V:11883496,QX-RIAILs
NA,V:11883496,CB-RIAILs
NA,V:11883496,CB-RIAILs
NA,V:11883496,QX-RIAILs
NA,V:11883496,CB-RIAILs
NA,V:11883496,CB-RIAILs
NA,V:11883496,QX-RIAILs
NA,V:11883496,CB-RIAILs
NA,V:11883496,QX-RIAILs
NA,V:11883496,CB-RIAILs
NA,V:11883496,QX-RIAILs
NA,V:11883496,QX-RIAILs
NA,V:11883496,CB-RIAILs
NA,V:11883496,QX-RIAILs
NA,V:11883496,QX-RIAILs
NA,V:11883496,QX-RIAILs
NA,V:11883496,CB-RIAILs
NA,V:11883496,CB-RIAILs
NA,V:11883496,CB-RIAILs
NA,V:11883496,CB-RIAILs
NA,V:11883496,CB-RIAILs
NA,V:11883496,QX-RIAILs
NA,V:11883496,CB-RIAILs
NA,V:11883496,CB-RIAILs
NA,V:11883496,QX-RIAILs
NA,V:11883496,QX-RIAILs
NA,V:11883496,QX-RIAILs
NA,V:11883496,QX-RIAILs
NA,V:11883496,CB-RIAILs
NA,V:11883496,QX-RIAILs
NA,V:11883496,QX-RIAILs
NA,V:11883496,CB-RIAILs
NA,V:11883496,CB-RIAILs
NA,V:11883496,CB-RIAILs
NA,V:11883496,CB-RIAILs
NA,V:11883496,QX-RIAILs
NA,V:11883496,QX-RIAILs
NA,V:11883496,CB-RIAILs
NA,V:11883496,CB-RIAILs
NA,V:11883496,CB-RIAILs
NA,V:11883496,CB-RIAILs
NA,V:11883496,CB-RIAILs
NA,V:11883496,CB-RIAILs
NA,V:11883496,CB-RIAILs
NA,V:11883496,QX-RIAILs
NA,V:11883496,CB-RIAILs
NA,V:11883496,CB-RIAILs
NA,V:11883496,CB-RIAILs
NA,V:11883496,CB-RIAILs
NA,V:11883496,CB-RIAILs
NA,V:11883496,QX-RIAILs
NA,V:11883496,QX-RIAILs
NA,V:11883496,QX-RIAILs
NA,V:11883496,CB-RIAILs
NA,V:11883496,CB-RIAILs
NA,V:11883496,CB-RIAILs
NA,V:11883496,QX-RIAILs
NA,V:11883496,CB-RIAILs
NA,V:11883496,QX-RIAILs
NA,V:11883496,CB-RIAILs
NA,V:11883496,CB-RIAILs
NA,V:11883496,QX-RIAILs
NA,V:11883496,CB-RIAILs
NA,V:11883496,QX-RIAILs
NA,V:11883496,CB-RIAILs
NA,V:11883496,CB-RIAILs
NA,V:11883496,QX-RIAILs
NA,V:11883496,QX-RIAILs
NA,V:11883496,CB-RIAILs
NA,V:11883496,CB-RIAILs
NA,V:11883496,CB-RIAILs
NA,V:11883496,QX-RIAILs
NA,V:11883496,CB-RIAILs
NA,V:11883496,CB-RIAILs
NA,V:11883496,CB-RIAILs
NA,V:11883496,QX-RIAILs
NA,V:11883496,CB-RIAILs
NA,V:11883496,CB-RIAILs
NA,V:11883496,CB-RIAILs
NA,V:11883496,CB-RIAILs
NA,V:11883496,QX-RIAILs
NA,V:11883496,QX-RIAILs
NA,V:11883496,QX-RIAILs
NA,V:11883496,QX-RIAILs
NA,V:11883496,CB-RIAILs
NA,V:11883496,CB-RIAILs
NA,V:11883496,QX-RIAILs
NA,V:11883496,CB-RIAILs
NA,V:11883496,CB-RIAILs
NA,V:11883496,CB-RIAILs
NA,V:11883496,CB-RIAILs
NA,V:11883496,QX-RIAILs
NA,V:11883496,CB-RIAILs
NA,V:11883496,QX-RIAILs
NA,V:11883496,CB-RIAILs
NA,V:11883496,CB-RIAILs
NA,V:11883496,QX-RIAILs
NA,V:11883496,QX-RIAILs
NA,V:11883496,CB-RIAILs
NA,V:11883496,CB-RIAILs
NA,V:11883496,QX-RIAILs
NA,V:11883496,CB-RIAILs
NA,V:11883496,CB-RIAILs
NA,V:11883496,CB-RIAILs
NA,V:11883496,CB-RIAILs
NA,V:11883496,CB-RIAILs
NA,V:11883496,CB-RIAILs
NA,V:11883496,QX-RIAILs
NA,V:11883496,QX-RIAILs
NA,V:11883496,CB-RIAILs
NA,V:11883496,QX-RIAILs
NA,V:11883496,CB-RIAILs
NA,V:11883496,QX-RIAILs
NA,V:11883496,CB-RIAILs
NA,V:11883496,CB-RIAILs
NA,V:11883496,CB-RIAILs
NA,V:11883496,QX-RIAILs
NA,V:11883496,QX-RIAILs
NA,V:11883496,CB-RIAILs
NA,V:11883496,QX-RIAILs
NA,V:11883496,CB-RIAILs
NA,V:11883496,QX-RIAILs
NA,V:11883496,QX-RIAILs
NA,V:11883496,CB-RIAILs
NA,V:11883496,CB-RIAILs
NA,V:11883496,QX-RIAILs
NA,V:11883496,CB-RIAILs
NA,V:11883496,QX-RIAILs
NA,V:11883496,CB-RIAILs
NA,V:11883496,CB-RIAILs
NA,V:11883496,CB-RIAILs
NA,V:11883496,QX-RIAILs
NA,V:11883496,QX-RIAILs
NA,V:11883496,QX-RIAILs
NA,V:11883496,CB-RIAILs
NA,V:11883496,CB-RIAILs
NA,V:11883496,QX-RIAILs
NA,V:11883496,CB-RIAILs
NA,V:11883496,CB-RIAILs
NA,V:11883496,QX-RIAILs
NA,V:11883496,QX-RIAILs
NA,V:11883496,CB-RIAILs
NA,V:11883496,CB-RIAILs
NA,V:11883496,CB-RIAILs
NA,V:11883496,CB-RIAILs
NA,V:11883496,QX-RIAILs
NA,V:11883496,QX-RIAILs
NA,V:11883496,CB-RIAILs
NA,V:11883496,CB-RIAILs
NA,V:11883496,CB-RIAILs
NA,V:11883496,CB-RIAILs
NA,V:11883496,CB-RIAILs
NA,V:11883496,CB-RIAILs
NA,V:11883496,CB-RIAILs
NA,V:11883496,QX-RIAILs
NA,V:11883496,CB-RIAILs
NA,V:11883496,CB-RIAILs
NA,V:11883496,QX-RIAILs
NA,V:11883496,QX-RIAILs
NA,V:11883496,CB-RIAILs
NA,V:11883496,CB-RIAILs
NA,V:11883496,CB-RIAILs
NA,V:11883496,CB-RIAILs
NA,V:11883496,QX-RIAILs
NA,V:11883496,CB-RIAILs
NA,V:11883496,CB-RIAILs
NA,V:11883496,CB-RIAILs
NA,V:11883496,QX-RIAILs
NA,V:11883496,CB-RIAILs
NA,V:11883496,QX-RIAILs
NA,V:11883496,CB-RIAILs
NA,V:11883496,QX-RIAILs
NA,V:11883496,CB-RIAILs
NA,V:11883496,CB-RIAILs
NA,V:11883496,CB-RIAILs
NA,V:11883496,CB-RIAILs
NA,V:11883496,QX-RIAILs
NA,V:11883496,QX-RIAILs
NA,V:11883496,CB-RIAILs
NA,V:11883496,CB-RIAILs
NA,V:11883496,CB-RIAILs
NA,V:11883496,CB-RIAILs
NA,V:11883496,QX-RIAILs
NA,V:11883496,CB-RIAILs
NA,V:11883496,QX-RIAILs
NA,V:11883496,CB-RIAILs
NA,V:11883496,CB-RIAILs
NA,V:11883496,QX-RIAILs
NA,V:11883496,CB-RIAILs
NA,V:11883496,CB-RIAILs
NA,V:11883496,QX-RIAILs
NA,V:11883496,CB-RIAILs
NA,V:11883496,CB-RIAILs
NA,V:11883496,CB-RIAILs
NA,V:11883496,CB-RIAILs
NA,V:11883496,QX-RIAILs
NA,V:11883496,QX-RIAILs
NA,V:11883496,QX-RIAILs
NA,V:11883496,QX-RIAILs
NA,V:11883496,CB-RIAILs
NA,V:11883496,CB-RIAILs
NA,V:11883496,CB-RIAILs
NA,V:11883496,CB-RIAILs
NA,V:11883496,CB-RIAILs
NA,V:11883496,CB-RIAILs
NA,V:11883496,QX-RIAILs
NA,V:11883496,QX-RIAILs
NA,V:11883496,QX-RIAILs
NA,V:11883496,CB-RIAILs
NA,V:11883496,CB-RIAILs
NA,V:11883496,QX-RIAILs
NA,V:11883496,QX-RIAILs
NA,V:11883496,QX-RIAILs
NA,V:11883496,QX-RIAILs
NA,V:11883496,QX-RIAILs
NA,V:11883496,CB-RIAILs
NA,V:11883496,CB-RIAILs
NA,V:11883496,CB-RIAILs
NA,V:11883496,QX-RIAILs
NA,V:11883496,CB-RIAILs
NA,V:11883496,CB-RIAILs
NA,V:11883496,CB-RIAILs
NA,V:11883496,QX-RIAILs
NA,V:11883496,CB-RIAILs
NA,V:11883496,QX-RIAILs
NA,V:11883496,QX-RIAILs
NA,V:11883496,CB-RIAILs
NA,V:11883496,CB-RIAILs
NA,V:11883496,QX-RIAILs
NA,V:11883496,QX-RIAILs
NA,V:11883496,QX-RIAILs
NA,V:11883496,QX-RIAILs
NA,V:11883496,QX-RIAILs
NA,V:11883496,QX-RIAILs
NA,V:11883496,QX-RIAILs
NA,V:11883496,QX-RIAILs
NA,V:11883496,CB-RIAILs
NA,V:11883496,CB-RIAILs
NA,V:11883496,CB-RIAILs
NA,V:11883496,CB-RIAILs
NA,V:11883496,CB-RIAILs
NA,V:11883496,QX-RIAILs
NA,V:11883496,QX-RIAILs
NA,V:11883496,CB-RIAILs
NA,V:11883496,CB-RIAILs
NA,V:11883496,CB-RIAILs
NA,V:11883496,QX-RIAILs
NA,V:11883496,CB-RIAILs
NA,V:11883496,CB-RIAILs
NA,V:11883496,CB-RIAILs
NA,V:11883496,QX-RIAILs
NA,V:11883496,CB-RIAILs
NA,V:11883496,QX-RIAILs
NA,V:11883496,CB-RIAILs
NA,V:11883496,CB-RIAILs
NA,V:11883496,QX-RIAILs
NA,V:11883496,CB-RIAILs
NA,V:11883496,CB-RIAILs
NA,V:11883496,CB-RIAILs
NA,V:11883496,QX-RIAILs
NA,V:11883496,QX-RIAILs
NA,V:11883496,CB-RIAILs
NA,V:11883496,CB-RIAILs
NA,V:11883496,QX-RIAILs
NA,V:11883496,QX-RIAILs
NA,V:11883496,QX-RIAILs
NA,V:11883496,CB-RIAILs
NA,V:11883496,CB-RIAILs
NA,V:11883496,QX-RIAILs
NA,V:11883496,QX-RIAILs
NA,V:11883496,CB-RIAILs
NA,V:11883496,QX-RIAILs
NA,V:11883496,CB-RIAILs
NA,V:11883496,QX-RIAILs
NA,V:11883496,QX-RIAILs
NA,V:11883496,QX-RIAILs
NA,V:11883496,CB-RIAILs
NA,V:11883496,QX-RIAILs
NA,V:11883496,QX-RIAILs
NA,V:11883496,CB-RIAILs
NA,V:11883496,CB-RIAILs
NA,V:11883496,CB-RIAILs
NA,V:11883496,CB-RIAILs
NA,V:11883496,QX-RIAILs
NA,V:11883496,QX-RIAILs
NA,V:11883496,QX-RIAILs
NA,V:11883496,CB-RIAILs
NA,V:11883496,CB-RIAILs
NA,V:11883496,QX-RIAILs
NA,V:11883496,QX-RIAILs
NA,V:11883496,CB-RIAILs
NA,V:11883496,QX-RIAILs
NA,V:11883496,CB-RIAILs
NA,V:11883496,QX-RIAILs
NA,V:11883496,CB-RIAILs
NA,V:11883496,CB-RIAILs
NA,V:11883496,QX-RIAILs
NA,V:11883496,QX-RIAILs
NA,V:11883496,CB-RIAILs
NA,V:11883496,QX-RIAILs
NA,V:11883496,QX-RIAILs
NA,V:11883496,QX-RIAILs
NA,V:11883496,QX-RIAILs
NA,V:11883496,QX-RIAILs
NA,V:11883496,QX-RIAILs
NA,V:11883496,QX-RIAILs
NA,V:11883496,QX-RIAILs
NA,V:11883496,QX-RIAILs
NA,V:11883496,CB-RIAILs
NA,V:11883496,QX-RIAILs
NA,V:11883496,QX-RIAILs
NA,V:11883496,CB-RIAILs
NA,V:11883496,QX-RIAILs
NA,V:11883496,CB-RIAILs
NA,V:11883496,QX-RIAILs
NA,V:11883496,QX-RIAILs
NA,V:11883496,CB-RIAILs
NA,V:11883496,CB-RIAILs
NA,V:11883496,CB-RIAILs
NA,V:11883496,CB-RIAILs
NA,V:11883496,CB-RIAILs
NA,V:11883496,CB-RIAILs
NA,V:11883496,QX-RIAILs
NA,V:11883496,QX-RIAILs
NA,V:11883496,QX-RIAILs
NA,V:11883496,QX-RIAILs
NA,V:11883496,CB-RIAILs
NA,V:11883496,CB-RIAILs
NA,V:11883496,CB-RIAILs
NA,V:11883496,CB-RIAILs
NA,V:11883496,QX-RIAILs
NA,V:11883496,QX-RIAILs
NA,V:11883496,CB-RIAILs
NA,V:11883496,CB-RIAILs
NA,V:11883496,CB-RIAILs
NA,V:11883496,CB-RIAILs
NA,V:11883496,QX-RIAILs
NA,V:11883496,CB-RIAILs
NA,V:11883496,QX-RIAILs
NA,V:11883496,QX-RIAILs
NA,V:11883496,CB-RIAILs
NA,V:11883496,QX-RIAILs
NA,V:11883496,QX-RIAILs
NA,V:11883496,QX-RIAILs
NA,V:11883496,CB-RIAILs
NA,V:11883496,CB-RIAILs
NA,V:11883496,QX-RIAILs
NA,V:11883496,CB-RIAILs
NA,V:11883496,QX-RIAILs
NA,V:11883496,QX-RIAILs
NA,V:11883496,QX-RIAILs
NA,V:11883496,QX-RIAILs
NA,V:11883496,CB-RIAILs
NA,V:11883496,QX-RIAILs
NA,V:11883496,CB-RIAILs
NA,V:11883496,QX-RIAILs
NA,V:11883496,QX-RIAILs
NA,V:11883496,CB-RIAILs
NA,V:11883496,QX-RIAILs
NA,V:11883496,CB-RIAILs
NA,V:11883496,QX-RIAILs
NA,V:11883496,CB-RIAILs
NA,V:11883496,QX-RIAILs
NA,V:11883496,CB-RIAILs
NA,V:11883496,QX-RIAILs
NA,V:11883496,QX-RIAILs
NA,V:11883496,CB-RIAILs
NA,V:11883496,CB-RIAILs
NA,V:11883496,QX-RIAILs
NA,V:11883496,QX-RIAILs
NA,V:11883496,QX-RIAILs
NA,V:11883496,QX-RIAILs
NA,V:11883496,QX-RIAILs
NA,V:11883496,QX-RIAILs
NA,V:11883496,QX-RIAILs
NA,V:11883496,CB-RIAILs
NA,V:11883496,CB-RIAILs
NA,V:11883496,CB-RIAILs
NA,V:11883496,QX-RIAILs
NA,V:11883496,QX-RIAILs
NA,V:11883496,QX-RIAILs
NA,V:11883496,CB-RIAILs
NA,V:11883496,QX-RIAILs
NA,V:11883496,QX-RIAILs
NA,V:11883496,QX-RIAILs
NA,V:11883496,QX-RIAILs
NA,V:11883496,QX-RIAILs
NA,V:11883496,QX-RIAILs
NA,V:11883496,QX-RIAILs
NA,V:11883496,CB-RIAILs
NA,V:11883496,QX-RIAILs
NA,V:11883496,QX-RIAILs
NA,V:11883496,QX-RIAILs
NA,V:11883496,QX-RIAILs
NA,V:11883496,QX-RIAILs
NA,V:11883496,CB-RIAILs
NA,V:11883496,QX-RIAILs
NA,V:11883496,CB-RIAILs
NA,V:11883496,QX-RIAILs
NA,V:11883496,QX-RIAILs
NA,V:11883496,CB-RIAILs
NA,V:11883496,CB-RIAILs
NA,V:11883496,QX-RIAILs
NA,V:11883496,QX-RIAILs
NA,V:11883496,CB-RIAILs
NA,V:11883496,CB-RIAILs
NA,V:11883496,QX-RIAILs
NA,V:11883496,QX-RIAILs
NA,V:11883496,CB-RIAILs
NA,V:11883496,CB-RIAILs
NA,V:11883496,CB-RIAILs
NA,V:11883496,QX-RIAILs
NA,V:11883496,QX-RIAILs
NA,V:11883496,CB-RIAILs
NA,V:11883496,CB-RIAILs
NA,V:11883496,CB-RIAILs
NA,V:11883496,CB-RIAILs
NA,V:11883496,QX-RIAILs
NA,V:11883496,QX-RIAILs
NA,V:11883496,CB-RIAILs
NA,V:11883496,CB-RIAILs
NA,V:11883496,QX-RIAILs
NA,V:11883496,QX-RIAILs
NA,V:11883496,QX-RIAILs
NA,V:11883496,QX-RIAILs
NA,V:11883496,CB-RIAILs
NA,V:11883496,QX-RIAILs
NA,V:11883496,QX-RIAILs
NA,V:11883496,QX-RIAILs
NA,V:11883496,QX-RIAILs
NA,V:11883496,QX-RIAILs
NA,V:11883496,QX-RIAILs
NA,V:11883496,QX-RIAILs
NA,V:11883496,CB-RIAILs
NA,V:11883496,CB-RIAILs
NA,V:11883496,CB-RIAILs
NA,V:11883496,QX-RIAILs
NA,V:11883496,QX-RIAILs
NA,V:11883496,CB-RIAILs
NA,V:11883496,CB-RIAILs
NA,V:11883496,QX-RIAILs
NA,V:11883496,QX-RIAILs
NA,V:11883496,QX-RIAILs
NA,V:11883496,QX-RIAILs
NA,V:11883496,QX-RIAILs
NA,V:11883496,QX-RIAILs
NA,V:11883496,CB-RIAILs
NA,V:11883496,CB-RIAILs
NA,V:11883496,CB-RIAILs
NA,V:11883496,CB-RIAILs
NA,V:11883496,QX-RIAILs
NA,V:11883496,QX-RIAILs
NA,V:11883496,CB-RIAILs
NA,V:11883496,QX-RIAILs
NA,V:11883496,QX-RIAILs
NA,V:11883496,QX-RIAILs
NA,V:11883496,CB-RIAILs
NA,V:11883496,QX-RIAILs
NA,V:11883496,CB-RIAILs
NA,V:11883496,QX-RIAILs
NA,V:11883496,QX-RIAILs
NA,V:11883496,CB-RIAILs
NA,V:11883496,CB-RIAILs
NA,V:11883496,QX-RIAILs
NA,V:11883496,CB-RIAILs
NA,V:11883496,CB-RIAILs
NA,V:11883496,CB-RIAILs
NA,V:11883496,CB-RIAILs
NA,V:11883496,QX-RIAILs
NA,V:11883496,QX-RIAILs
NA,V:11883496,QX-RIAILs
NA,V:11883496,CB-RIAILs
NA,V:11883496,CB-RIAILs
NA,V:11883496,CB-RIAILs
NA,V:11883496,CB-RIAILs
NA,V:11883496,CB-RIAILs
NA,V:11883496,QX-RIAILs
NA,V:11883496,CB-RIAILs
NA,V:11883496,QX-RIAILs
NA,V:11883496,QX-RIAILs
NA,V:11883496,QX-RIAILs
NA,V:11883496,QX-RIAILs
NA,V:11883496,CB-RIAILs
NA,V:11883496,CB-RIAILs
NA,V:11883496,QX-RIAILs
NA,V:11883496,CB-RIAILs
NA,V:11883496,QX-RIAILs
NA,V:11883496,QX-RIAILs
NA,V:11883496,CB-RIAILs
NA,V:11883496,CB-RIAILs
NA,V:11883496,QX-RIAILs
NA,V:11883496,CB-RIAILs
NA,V:11883496,QX-RIAILs
NA,V:11883496,CB-RIAILs
NA,V:11883496,CB-RIAILs
NA,V:11883496,QX-RIAILs
NA,V:11883496,CB-RIAILs
NA,V:11883496,QX-RIAILs
NA,V:11883496,QX-RIAILs
NA,V:11883496,CB-RIAILs
NA,V:11883496,CB-RIAILs
NA,V:11883496,CB-RIAILs
NA,V:11883496,QX-RIAILs
NA,V:11883496,QX-RIAILs
NA,V:11883496,QX-RIAILs
NA,V:11883496,QX-RIAILs
NA,V:11883496,CB-RIAILs
NA,V:11883496,QX-RIAILs
NA,V:11883496,QX-RIAILs
NA,V:11883496,QX-RIAILs
NA,V:11883496,QX-RIAILs
NA,V:11883496,CB-RIAILs
NA,V:11883496,QX-RIAILs
NA,V:11883496,QX-RIAILs
NA,V:11883496,CB-RIAILs
NA,V:11883496,CB-RIAILs
NA,V:11883496,CB-RIAILs
NA,V:11883496,QX-RIAILs
NA,V:11883496,CB-RIAILs
NA,V:11883496,QX-RIAILs
NA,V:11883496,CB-RIAILs
NA,V:11883496,CB-RIAILs
NA,V:11883496,CB-RIAILs
NA,V:11883496,QX-RIAILs
NA,V:11883496,QX-RIAILs
NA,V:11883496,CB-RIAILs
NA,V:11883496,CB-RIAILs
NA,V:11883496,QX-RIAILs
NA,V:11883496,QX-RIAILs
NA,V:11883496,QX-RIAILs
NA,V:11883496,QX-RIAILs
NA,V:11883496,CB-RIAILs
NA,V:11883496,QX-RIAILs
NA,V:11883496,QX-RIAILs
NA,V:11883496,QX-RIAILs
NA,V:11883496,QX-RIAILs
NA,V:11883496,QX-RIAILs
NA,V:11883496,CB-RIAILs
NA,V:11883496,CB-RIAILs
5.11594202898551,V:11883496,CB-RIAILs
-0.199999999999996,V:11883496,QX-RIAILs
17.8111111111111,V:11883496,CB-RIAILs
5.23913043478261,V:11883496,CB-RIAILs
NA,V:11883496,CB-RIAILs
NA,V:11883496,CB-RIAILs
-17.5333333333333,V:11883496,QX-RIAILs
NA,V:11883496,CB-RIAILs
NA,V:11883496,CB-RIAILs
NA,V:11883496,QX-RIAILs
17.7826086956522,V:11883496,QX-RIAILs
15.1444444444444,V:11883496,CB-RIAILs
7.74074074074075,V:11883496,QX-RIAILs
NA,V:11883496,CB-RIAILs
NA,V:11883496,CB-RIAILs
-5.21739130434782,V:11883496,CB-RIAILs
NA,V:11883496,CB-RIAILs
NA,V:11883496,CB-RIAILs
-49.9236111111111,V:11883496,QX-RIAILs
NA,V:11883496,CB-RIAILs
37.4097222222222,V:11883496,CB-RIAILs
0.470085470085465,V:11883496,CB-RIAILs
6.80341880341878,V:11883496,QX-RIAILs
-30.8666666666667,V:11883496,CB-RIAILs
84.1159420289855,V:11883496,CB-RIAILs
NA,V:11883496,QX-RIAILs
47.0763888888889,V:11883496,CB-RIAILs
-27.5333333333333,V:11883496,QX-RIAILs
66.1367521367521,V:11883496,QX-RIAILs
-59.8632478632479,V:11883496,CB-RIAILs
20.7430555555556,V:11883496,CB-RIAILs
19.7430555555556,V:11883496,CB-RIAILs
NA,V:11883496,CB-RIAILs
30.4397163120567,V:11883496,CB-RIAILs
16.8,V:11883496,QX-RIAILs
122.466666666667,V:11883496,CB-RIAILs
-30.8555555555556,V:11883496,QX-RIAILs
15.7730496453901,V:11883496,CB-RIAILs
-35.5507246376812,V:11883496,QX-RIAILs
-41.5902777777778,V:11883496,CB-RIAILs
23.1159420289855,V:11883496,CB-RIAILs
-4.86666666666668,V:11883496,QX-RIAILs
NA,V:11883496,CB-RIAILs
6.43971631205674,V:11883496,QX-RIAILs
NA,V:11883496,CB-RIAILs
5.71851851851851,V:11883496,QX-RIAILs
-17.2592592592593,V:11883496,CB-RIAILs
62.0518518518518,V:11883496,CB-RIAILs
27.4097222222222,V:11883496,CB-RIAILs
-29.2569444444444,V:11883496,CB-RIAILs
7.40740740740741,V:11883496,CB-RIAILs
-12.5333333333333,V:11883496,QX-RIAILs
-1.52222222222222,V:11883496,CB-RIAILs
20.4666666666667,V:11883496,CB-RIAILs
7.44927536231885,V:11883496,QX-RIAILs
NA,V:11883496,CB-RIAILs
-36.196581196581,V:11883496,CB-RIAILs
NA,V:11883496,CB-RIAILs
41.9347826086956,V:11883496,CB-RIAILs
21.572463768116,V:11883496,CB-RIAILs
-7.94814814814814,V:11883496,QX-RIAILs
6.74305555555556,V:11883496,QX-RIAILs
12.7730496453901,V:11883496,CB-RIAILs
2.13333333333332,V:11883496,CB-RIAILs
-63.6148148148148,V:11883496,CB-RIAILs
3.26811594202899,V:11883496,CB-RIAILs
NA,V:11883496,CB-RIAILs
112.470085470085,V:11883496,CB-RIAILs
-14.731884057971,V:11883496,CB-RIAILs
-14.8555555555556,V:11883496,CB-RIAILs
-36.0652173913043,V:11883496,QX-RIAILs
34.4777777777778,V:11883496,CB-RIAILs
-14.0942028985507,V:11883496,CB-RIAILs
-36.0942028985507,V:11883496,CB-RIAILs
43.0740740740741,V:11883496,CB-RIAILs
-32.2173913043478,V:11883496,QX-RIAILs
-3.92592592592594,V:11883496,QX-RIAILs
30.8,V:11883496,CB-RIAILs
23.4397163120567,V:11883496,CB-RIAILs
19.7185185185185,V:11883496,CB-RIAILs
NA,V:11883496,QX-RIAILs
-2.42753623188405,V:11883496,CB-RIAILs
-19.0942028985507,V:11883496,QX-RIAILs
-6.22695035460993,V:11883496,CB-RIAILs
-56.7608695652174,V:11883496,CB-RIAILs
-15.0942028985507,V:11883496,QX-RIAILs
15.268115942029,V:11883496,CB-RIAILs
NA,V:11883496,CB-RIAILs
0.811111111111119,V:11883496,CB-RIAILs
NA,V:11883496,CB-RIAILs
-16.2173913043478,V:11883496,QX-RIAILs
-44.9236111111111,V:11883496,QX-RIAILs
-0.0942028985507353,V:11883496,QX-RIAILs
16.4074074074074,V:11883496,CB-RIAILs
47.268115942029,V:11883496,CB-RIAILs
NA,V:11883496,CB-RIAILs
-37.731884057971,V:11883496,QX-RIAILs
18.0518518518519,V:11883496,CB-RIAILs
NA,V:11883496,CB-RIAILs
-21.8555555555556,V:11883496,CB-RIAILs
-1.56028368794326,V:11883496,CB-RIAILs
-29.2173913043478,V:11883496,QX-RIAILs
35.572463768116,V:11883496,QX-RIAILs
15.4492753623188,V:11883496,CB-RIAILs
-12.5602836879433,V:11883496,QX-RIAILs
NA,V:11883496,CB-RIAILs
12.4074074074074,V:11883496,CB-RIAILs
28.7826086956522,V:11883496,CB-RIAILs
13.2391304347826,V:11883496,CB-RIAILs
-15.6148148148148,V:11883496,QX-RIAILs
-14.2569444444445,V:11883496,QX-RIAILs
-22.9236111111111,V:11883496,QX-RIAILs
-15.2814814814815,V:11883496,QX-RIAILs
44.7430555555556,V:11883496,CB-RIAILs
-36.2,V:11883496,QX-RIAILs
50.8,V:11883496,CB-RIAILs
-31.2569444444444,V:11883496,QX-RIAILs
-8.25925925925926,V:11883496,CB-RIAILs
-32.2,V:11883496,QX-RIAILs
NA,V:11883496,CB-RIAILs
78.8111111111111,V:11883496,CB-RIAILs
-60.5925925925926,V:11883496,CB-RIAILs
50.572463768116,V:11883496,CB-RIAILs
13.0518518518519,V:11883496,CB-RIAILs
41.7185185185185,V:11883496,CB-RIAILs
-8.22695035460993,V:11883496,CB-RIAILs
NA,V:11883496,CB-RIAILs
NA,V:11883496,CB-RIAILs
6.40740740740741,V:11883496,CB-RIAILs
-3.85555555555555,V:11883496,QX-RIAILs
NA,V:11883496,QX-RIAILs
31.4074074074074,V:11883496,CB-RIAILs
-10.8666666666667,V:11883496,CB-RIAILs
-0.522222222222224,V:11883496,QX-RIAILs
10.4777777777778,V:11883496,QX-RIAILs
-1.25694444444444,V:11883496,CB-RIAILs
-12.2592592592593,V:11883496,QX-RIAILs
-35.5902777777778,V:11883496,CB-RIAILs
-7.06521739130434,V:11883496,CB-RIAILs
-33.8840579710145,V:11883496,QX-RIAILs
30.4777777777778,V:11883496,CB-RIAILs
3.60144927536233,V:11883496,QX-RIAILs
NA,V:11883496,QX-RIAILs
38.9057971014493,V:11883496,CB-RIAILs
32.2391304347826,V:11883496,CB-RIAILs
19.1333333333333,V:11883496,CB-RIAILs
59.8034188034188,V:11883496,CB-RIAILs
-4.59259259259259,V:11883496,QX-RIAILs
-13.2269503546099,V:11883496,QX-RIAILs
10.1367521367524,V:11883496,QX-RIAILs
13.4097222222222,V:11883496,CB-RIAILs
-25.5925925925926,V:11883496,QX-RIAILs
NA,V:11883496,CB-RIAILs
NA,V:11883496,QX-RIAILs
NA,V:11883496,QX-RIAILs
6.74074074074075,V:11883496,CB-RIAILs
35.0518518518518,V:11883496,CB-RIAILs
NA,V:11883496,QX-RIAILs
-17.9259259259259,V:11883496,CB-RIAILs
-7.94814814814814,V:11883496,QX-RIAILs
NA,V:11883496,QX-RIAILs
-29.5507246376812,V:11883496,QX-RIAILs
-21.9236111111111,V:11883496,QX-RIAILs
44.572463768116,V:11883496,QX-RIAILs
NA,V:11883496,QX-RIAILs
20.8,V:11883496,CB-RIAILs
0.773049645390071,V:11883496,QX-RIAILs
NA,V:11883496,QX-RIAILs
44.4492753623189,V:11883496,CB-RIAILs
24.1367521367521,V:11883496,CB-RIAILs
-30.2569444444444,V:11883496,CB-RIAILs
43.7430555555556,V:11883496,CB-RIAILs
44.6014492753623,V:11883496,CB-RIAILs
-17.7608695652174,V:11883496,QX-RIAILs
-2.09420289855074,V:11883496,CB-RIAILs
22.8034188034188,V:11883496,QX-RIAILs
1.11594202898551,V:11883496,QX-RIAILs
-0.59027777777778,V:11883496,CB-RIAILs
-8.22695035460993,V:11883496,CB-RIAILs
-15.2592592592593,V:11883496,CB-RIAILs
61.8034188034187,V:11883496,CB-RIAILs
-8.55072463768117,V:11883496,QX-RIAILs
0.407407407407407,V:11883496,CB-RIAILs
24.7407407407407,V:11883496,CB-RIAILs
0.466666666666661,V:11883496,CB-RIAILs
84.4700854700855,V:11883496,CB-RIAILs
14.1063829787234,V:11883496,CB-RIAILs
26.7730496453901,V:11883496,CB-RIAILs
-18.0652173913043,V:11883496,CB-RIAILs
1.44927536231883,V:11883496,CB-RIAILs
8.07638888888888,V:11883496,CB-RIAILs
-11.5507246376812,V:11883496,CB-RIAILs
-4.2,V:11883496,QX-RIAILs
-27.5507246376812,V:11883496,QX-RIAILs
-46.2,V:11883496,QX-RIAILs
NA,V:11883496,CB-RIAILs
51.8034188034188,V:11883496,CB-RIAILs
16.7185185185185,V:11883496,CB-RIAILs
47.6014492753623,V:11883496,CB-RIAILs
29.7407407407407,V:11883496,CB-RIAILs
-8.1888888888889,V:11883496,QX-RIAILs
NA,V:11883496,CB-RIAILs
-13.427536231884,V:11883496,CB-RIAILs
-35.5602836879433,V:11883496,CB-RIAILs
56.268115942029,V:11883496,CB-RIAILs
-10.427536231884,V:11883496,CB-RIAILs
-28.0652173913043,V:11883496,CB-RIAILs
17.4097222222222,V:11883496,CB-RIAILs
132.074074074074,V:11883496,CB-RIAILs
37.0518518518518,V:11883496,CB-RIAILs
-43.9481481481481,V:11883496,QX-RIAILs
-14.8555555555556,V:11883496,QX-RIAILs
-12.2269503546099,V:11883496,CB-RIAILs
50.4700854700855,V:11883496,CB-RIAILs
-14.8632478632479,V:11883496,QX-RIAILs
35.803418803419,V:11883496,CB-RIAILs
3.26811594202899,V:11883496,CB-RIAILs
29.4666666666667,V:11883496,CB-RIAILs
NA,V:11883496,CB-RIAILs
32.1063829787234,V:11883496,CB-RIAILs
27.1063829787234,V:11883496,CB-RIAILs
NA,V:11883496,CB-RIAILs
-1.55072463768117,V:11883496,CB-RIAILs
26.9347826086956,V:11883496,CB-RIAILs
-20.9236111111111,V:11883496,QX-RIAILs
-24.5602836879433,V:11883496,QX-RIAILs
24.4492753623189,V:11883496,CB-RIAILs
NA,V:11883496,CB-RIAILs
-41.6148148148148,V:11883496,CB-RIAILs
7.47008547008546,V:11883496,QX-RIAILs
17.9347826086956,V:11883496,CB-RIAILs
-8.85555555555555,V:11883496,QX-RIAILs
-5.61481481481481,V:11883496,QX-RIAILs
-9.92592592592592,V:11883496,CB-RIAILs
NA,V:11883496,CB-RIAILs
28.2391304347826,V:11883496,CB-RIAILs
NA,V:11883496,CB-RIAILs
NA,V:11883496,CB-RIAILs
-17.0652173913043,V:11883496,CB-RIAILs
NA,V:11883496,QX-RIAILs
7.14444444444443,V:11883496,CB-RIAILs
NA,V:11883496,CB-RIAILs
-29.731884057971,V:11883496,QX-RIAILs
2.78260869565218,V:11883496,CB-RIAILs
26.8111111111111,V:11883496,CB-RIAILs
-18.8666666666667,V:11883496,QX-RIAILs
-4.88405797101449,V:11883496,CB-RIAILs
NA,V:11883496,QX-RIAILs
NA,V:11883496,CB-RIAILs
NA,V:11883496,QX-RIAILs
8.26811594202899,V:11883496,QX-RIAILs
8.23913043478261,V:11883496,QX-RIAILs
NA,V:11883496,CB-RIAILs
8.1063829787234,V:11883496,QX-RIAILs
-23.2173913043478,V:11883496,QX-RIAILs
-17.2,V:11883496,CB-RIAILs
7.13675213675212,V:11883496,CB-RIAILs
5.8,V:11883496,CB-RIAILs
-8.06521739130434,V:11883496,QX-RIAILs
5.07638888888888,V:11883496,CB-RIAILs
-99.1965811965812,V:11883496,QX-RIAILs
29.9347826086956,V:11883496,CB-RIAILs
NA,V:11883496,CB-RIAILs
36.4492753623189,V:11883496,CB-RIAILs
NA,V:11883496,CB-RIAILs
NA,V:11883496,QX-RIAILs
NA,V:11883496,CB-RIAILs
NA,V:11883496,CB-RIAILs
37.7407407407407,V:11883496,QX-RIAILs
-73.5602836879433,V:11883496,QX-RIAILs
6.74074074074075,V:11883496,CB-RIAILs
NA,V:11883496,CB-RIAILs
10.4492753623188,V:11883496,CB-RIAILs
NA,V:11883496,CB-RIAILs
-35.2269503546099,V:11883496,CB-RIAILs
NA,V:11883496,CB-RIAILs
NA,V:11883496,CB-RIAILs
19.0518518518519,V:11883496,CB-RIAILs
-153.529914529915,V:11883496,QX-RIAILs
28.1159420289855,V:11883496,CB-RIAILs
NA,V:11883496,QX-RIAILs
-19.2814814814815,V:11883496,QX-RIAILs
-11.731884057971,V:11883496,CB-RIAILs
-27.2173913043478,V:11883496,QX-RIAILs
-23.8936170212766,V:11883496,QX-RIAILs
8.90579710144926,V:11883496,CB-RIAILs
NA,V:11883496,QX-RIAILs
50.4666666666667,V:11883496,CB-RIAILs
6.47777777777778,V:11883496,QX-RIAILs
3.74305555555556,V:11883496,CB-RIAILs
-14.2814814814815,V:11883496,CB-RIAILs
10.4492753623188,V:11883496,CB-RIAILs
13.572463768116,V:11883496,CB-RIAILs
NA,V:11883496,CB-RIAILs
NA,V:11883496,CB-RIAILs
NA,V:11883496,CB-RIAILs
NA,V:11883496,QX-RIAILs
20.0518518518519,V:11883496,QX-RIAILs
NA,V:11883496,QX-RIAILs
24.7826086956522,V:11883496,CB-RIAILs
-10.5925925925926,V:11883496,QX-RIAILs
NA,V:11883496,CB-RIAILs
NA,V:11883496,QX-RIAILs
NA,V:11883496,CB-RIAILs
NA,V:11883496,QX-RIAILs
19.4700854700855,V:11883496,CB-RIAILs
-8.1888888888889,V:11883496,QX-RIAILs
NA,V:11883496,QX-RIAILs
NA,V:11883496,CB-RIAILs
21.4666666666667,V:11883496,CB-RIAILs
6.43971631205674,V:11883496,QX-RIAILs
18.7430555555556,V:11883496,QX-RIAILs
NA,V:11883496,CB-RIAILs
-14.8840579710145,V:11883496,QX-RIAILs
25.8034188034189,V:11883496,CB-RIAILs
NA,V:11883496,CB-RIAILs
NA,V:11883496,QX-RIAILs
NA,V:11883496,CB-RIAILs
NA,V:11883496,CB-RIAILs
-38.0942028985507,V:11883496,QX-RIAILs
-29.9259259259259,V:11883496,QX-RIAILs
36.4666666666667,V:11883496,CB-RIAILs
14.7430555555556, Parental,QX1430
26.4097222222222, Parental,CB4856
54.4666666666667, Parental,CB4856
10.6014492753623, Parental,QX1430
78.7185185185185, Parental,CB4856
1.1063829787234, Parental,CB4856
-10.2814814814815, Parental,QX1430
-56.0942028985507, Parental,QX1430
24.268115942029, Parental,CB4856
106.470085470085, Parental,CB4856
-6.92592592592592, Parental,CB4856
38.572463768116, Parental,CB4856
34.4777777777778, Parental,CB4856
3.43971631205674, Parental,QX1430
-9.25925925925926, Parental,QX1430
-18.1888888888889, Parental,QX1430
-29.5333333333333, Parental,QX1430
49.1367521367521, Parental,QX1430
11.7826086956522, Parental,QX1430
20.1159420289855, Parental,CB4856
